"Runs","Mins","BF","X4s","X6s","SR","Pos","Dismissal","Inns","Opposition","Ground","Start.Date","name"
73,289,229,4,0,31.87,"6","caught","1","India","Nagpur","13 Dec 2012","Root"
20,64,56,1,1,35.71,"6","not out","3","India","Nagpur","13 Dec 2012","Root"
4,17,11,1,0,36.36,"6","caught","1","New Zealand","Dunedin","6 Mar 2013","Root"
0,4,2,0,0,0,"7","run out","3","New Zealand","Dunedin","6 Mar 2013","Root"
10,24,20,1,0,50,"6","caught","1","New Zealand","Wellington","14 Mar 2013","Root"
45,254,176,4,0,25.56,"5","bowled","2","New Zealand","Auckland","22 Mar 2013","Root"
29,107,79,2,0,36.7,"6","lbw","4","New Zealand","Auckland","22 Mar 2013","Root"
40,180,114,4,0,35.08,"5","caught","1","New Zealand","Lord's","16 May 2013","Root"
71,178,120,8,0,59.16,"4","bowled","3","New Zealand","Lord's","16 May 2013","Root"
104,236,167,9,0,62.27,"5","caught","1","New Zealand","Leeds","24 May 2013","Root"
28,32,22,4,0,127.27,"5","caught","3","New Zealand","Leeds","24 May 2013","Root"
30,99,64,6,0,46.87,"2","bowled","1","Australia","Nottingham","10 Jul 2013","Root"
5,34,31,1,0,16.12,"2","caught","3","Australia","Nottingham","10 Jul 2013","Root"
6,28,14,1,0,42.85,"2","lbw","1","Australia","Lord's","18 Jul 2013","Root"
180,466,338,18,2,53.25,"2","caught","3","Australia","Lord's","18 Jul 2013","Root"
8,97,57,1,0,14.03,"2","caught","2","Australia","Manchester","1 Aug 2013","Root"
13,95,57,1,0,22.8,"2","not out","4","Australia","Manchester","1 Aug 2013","Root"
16,78,52,1,0,30.76,"2","caught","1","Australia","Chester-le-Street","9 Aug 2013","Root"
2,35,19,0,0,10.52,"2","bowled","3","Australia","Chester-le-Street","9 Aug 2013","Root"
68,234,184,11,0,36.95,"2","caught","2","Australia","The Oval","21 Aug 2013","Root"
11,20,17,2,0,64.7,"2","caught","4","Australia","The Oval","21 Aug 2013","Root"
2,14,7,0,0,28.57,"6","caught","2","Australia","Brisbane","21 Nov 2013","Root"
26,121,86,4,0,30.23,"6","not out","4","Australia","Brisbane","21 Nov 2013","Root"
15,114,80,1,0,18.75,"3","caught","2","Australia","Adelaide","5 Dec 2013","Root"
87,269,194,9,0,44.84,"3","caught","4","Australia","Adelaide","5 Dec 2013","Root"
4,23,16,1,0,25,"3","caught","2","Australia","Perth","13 Dec 2013","Root"
19,125,88,1,0,21.59,"3","caught","4","Australia","Perth","13 Dec 2013","Root"
24,116,82,2,0,29.26,"3","caught","1","Australia","Melbourne","26 Dec 2013","Root"
15,37,24,1,0,62.5,"3","run out","3","Australia","Melbourne","26 Dec 2013","Root"
200,500,298,16,0,67.11,"5","not out","1","Sri Lanka","Lord's","12 Jun 2014","Root"
15,32,18,2,0,83.33,"5","lbw","3","Sri Lanka","Lord's","12 Jun 2014","Root"
13,48,32,2,0,40.62,"5","caught","2","Sri Lanka","Leeds","20 Jun 2014","Root"
31,161,108,4,0,28.7,"5","caught","4","Sri Lanka","Leeds","20 Jun 2014","Root"
154,400,295,15,0,52.2,"5","not out","2","India","Nottingham","9 Jul 2014","Root"
13,66,50,0,0,26,"5","lbw","2","India","Lord's","17 Jul 2014","Root"
66,222,146,7,0,45.2,"5","caught","4","India","Lord's","17 Jul 2014","Root"
3,46,25,0,0,12,"5","caught","1","India","Southampton","27 Jul 2014","Root"
56,66,41,9,0,136.58,"5","bowled","3","India","Southampton","27 Jul 2014","Root"
77,219,161,7,0,47.82,"6","caught","2","India","Manchester","7 Aug 2014","Root"
149,268,165,18,1,90.3,"5","not out","2","India","The Oval","15 Aug 2014","Root"
83,186,133,11,0,62.4,"5","bowled","1","West Indies","North Sound","13 Apr 2015","Root"
59,134,79,5,1,74.68,"5","bowled","3","West Indies","North Sound","13 Apr 2015","Root"
182,333,229,17,4,79.47,"5","not out","2","West Indies","St George's","21 Apr 2015","Root"
33,58,35,5,0,94.28,"5","caught","1","West Indies","Bridgetown","1 May 2015","Root"
1,34,13,0,0,7.69,"5","caught","3","West Indies","Bridgetown","1 May 2015","Root"
98,218,161,11,0,60.86,"5","caught","1","New Zealand","Lord's","21 May 2015","Root"
84,190,139,12,0,60.43,"5","caught","3","New Zealand","Lord's","21 May 2015","Root"
1,6,5,0,0,20,"5","caught","2","New Zealand","Leeds","29 May 2015","Root"
0,2,2,0,0,0,"5","caught","4","New Zealand","Leeds","29 May 2015","Root"
134,247,166,17,0,80.72,"5","caught","1","Australia","Cardiff","8 Jul 2015","Root"
60,133,89,9,0,67.41,"5","bowled","3","Australia","Cardiff","8 Jul 2015","Root"
1,6,4,0,0,25,"5","caught","2","Australia","Lord's","16 Jul 2015","Root"
17,84,44,2,0,38.63,"5","bowled","4","Australia","Lord's","16 Jul 2015","Root"
63,113,75,9,1,84,"4","caught","2","Australia","Birmingham","29 Jul 2015","Root"
38,89,63,6,1,60.31,"4","not out","4","Australia","Birmingham","29 Jul 2015","Root"
130,246,176,19,1,73.86,"4","caught","2","Australia","Nottingham","6 Aug 2015","Root"
6,59,39,1,0,15.38,"4","caught","2","Australia","The Oval","20 Aug 2015","Root"
11,52,30,1,0,36.66,"4","caught","3","Australia","The Oval","20 Aug 2015","Root"
85,199,143,7,0,59.44,"5","caught","2","Pakistan","Abu Dhabi","13 Oct 2015","Root"
33,47,29,1,0,113.79,"3","not out","4","Pakistan","Abu Dhabi","13 Oct 2015","Root"
88,227,141,12,0,62.41,"4","caught","2","Pakistan","Dubai (DSC)","22 Oct 2015","Root"
71,218,171,6,0,41.52,"4","caught","4","Pakistan","Dubai (DSC)","22 Oct 2015","Root"
4,19,14,0,0,28.57,"4","caught","2","Pakistan","Sharjah","1 Nov 2015","Root"
6,32,29,0,0,20.68,"4","lbw","4","Pakistan","Sharjah","1 Nov 2015","Root"
24,55,37,2,1,64.86,"4","lbw","1","South Africa","Durban","26 Dec 2015","Root"
73,192,128,5,1,57.03,"4","caught","3","South Africa","Durban","26 Dec 2015","Root"
50,113,79,5,0,63.29,"4","caught","1","South Africa","Cape Town","2 Jan 2016","Root"
29,50,29,5,0,100,"4","bowled","3","South Africa","Cape Town","2 Jan 2016","Root"
110,214,139,17,0,79.13,"4","caught","2","South Africa","Johannesburg","14 Jan 2016","Root"
4,16,13,0,0,30.76,"4","not out","4","South Africa","Johannesburg","14 Jan 2016","Root"
76,192,128,11,0,59.37,"4","caught","2","South Africa","Centurion","22 Jan 2016","Root"
20,70,56,3,0,35.71,"4","caught","4","South Africa","Centurion","22 Jan 2016","Root"
0,11,7,0,0,0,"4","caught","1","Sri Lanka","Leeds","19 May 2016","Root"
80,153,119,5,0,67.22,"4","caught","1","Sri Lanka","Chester-le-Street","27 May 2016","Root"
3,8,9,0,0,33.33,"4","lbw","1","Sri Lanka","Lord's","9 Jun 2016","Root"
4,7,5,1,0,80,"3","bowled","3","Sri Lanka","Lord's","9 Jun 2016","Root"
48,119,73,7,0,65.75,"3","caught","2","Pakistan","Lord's","14 Jul 2016","Root"
9,50,30,2,0,30,"3","caught","4","Pakistan","Lord's","14 Jul 2016","Root"
254,614,406,27,0,62.56,"3","caught","1","Pakistan","Manchester","22 Jul 2016","Root"
71,59,48,10,0,147.91,"3","not out","3","Pakistan","Manchester","22 Jul 2016","Root"
3,11,6,0,0,50,"3","caught","1","Pakistan","Birmingham","3 Aug 2016","Root"
62,165,123,8,0,50.4,"3","caught","3","Pakistan","Birmingham","3 Aug 2016","Root"
26,57,39,5,0,66.66,"3","caught","1","Pakistan","The Oval","11 Aug 2016","Root"
39,82,46,4,0,84.78,"3","lbw","3","Pakistan","The Oval","11 Aug 2016","Root"
40,97,49,5,0,81.63,"3","caught","1","Bangladesh","Chattogram","20 Oct 2016","Root"
1,6,4,0,0,25,"3","lbw","3","Bangladesh","Chattogram","20 Oct 2016","Root"
56,155,122,4,0,45.9,"3","lbw","2","Bangladesh","Mirpur","28 Oct 2016","Root"
1,4,2,0,0,50,"3","lbw","4","Bangladesh","Mirpur","28 Oct 2016","Root"
124,239,180,11,1,68.88,"3","caught","1","India","Rajkot","9 Nov 2016","Root"
4,10,5,0,0,80,"3","caught","3","India","Rajkot","9 Nov 2016","Root"
53,105,98,6,0,54.08,"3","caught","2","India","Visakhapatnam","17 Nov 2016","Root"
25,123,107,3,0,23.36,"3","lbw","4","India","Visakhapatnam","17 Nov 2016","Root"
15,21,13,3,0,115.38,"3","lbw","1","India","Mohali","26 Nov 2016","Root"
78,251,179,6,0,43.57,"2","caught","3","India","Mohali","26 Nov 2016","Root"
21,39,41,1,0,51.21,"3","caught","1","India","Wankhede","8 Dec 2016","Root"
77,127,112,11,0,68.75,"3","lbw","3","India","Wankhede","8 Dec 2016","Root"
88,187,144,10,0,61.11,"3","caught","1","India","Chennai","16 Dec 2016","Root"
6,47,22,0,0,27.27,"3","lbw","3","India","Chennai","16 Dec 2016","Root"
190,375,234,27,1,81.19,"4","caught","1","South Africa","Lord's","6 Jul 2017","Root"
5,20,13,1,0,38.46,"4","bowled","3","South Africa","Lord's","6 Jul 2017","Root"
78,117,76,12,0,102.63,"4","caught","2","South Africa","Nottingham","14 Jul 2017","Root"
8,34,20,0,0,40,"4","bowled","4","South Africa","Nottingham","14 Jul 2017","Root"
29,71,56,4,0,51.78,"4","caught","1","South Africa","The Oval","27 Jul 2017","Root"
50,131,94,6,0,53.19,"4","caught","3","South Africa","The Oval","27 Jul 2017","Root"
52,135,101,6,0,51.48,"4","lbw","1","South Africa","Manchester","4 Aug 2017","Root"
49,140,106,6,0,46.22,"4","bowled","3","South Africa","Manchester","4 Aug 2017","Root"
136,287,189,22,0,71.95,"4","bowled","1","West Indies","Birmingham","17 Aug 2017","Root"
59,156,98,9,0,60.2,"4","caught","1","West Indies","Leeds","25 Aug 2017","Root"
72,187,111,15,0,64.86,"4","caught","3","West Indies","Leeds","25 Aug 2017","Root"
1,13,2,0,0,50,"4","caught","2","West Indies","Lord's","7 Sep 2017","Root"
15,79,50,1,0,30,"4","lbw","1","Australia","Brisbane","23 Nov 2017","Root"
51,159,104,5,0,49.03,"4","lbw","3","Australia","Brisbane","23 Nov 2017","Root"
9,23,10,1,0,90,"4","caught","2","Australia","Adelaide","2 Dec 2017","Root"
67,185,123,9,0,54.47,"4","caught","4","Australia","Adelaide","2 Dec 2017","Root"
20,36,23,4,0,86.95,"4","caught","1","Australia","Perth","14 Dec 2017","Root"
14,34,20,3,0,70,"4","caught","3","Australia","Perth","14 Dec 2017","Root"
61,193,133,7,0,45.86,"4","caught","2","Australia","Melbourne","26 Dec 2017","Root"
83,225,141,8,0,58.86,"4","caught","1","Australia","Sydney","4 Jan 2018","Root"
58,236,167,1,0,34.73,"4","retired notout","3","Australia","Sydney","4 Jan 2018","Root"
0,9,6,0,0,0,"3","bowled","1","New Zealand","Auckland","22 Mar 2018","Root"
51,191,131,5,0,38.93,"3","caught","3","New Zealand","Auckland","22 Mar 2018","Root"
37,80,63,5,0,58.73,"4","bowled","1","New Zealand","Christchurch","30 Mar 2018","Root"
54,182,128,4,0,42.18,"4","caught","3","New Zealand","Christchurch","30 Mar 2018","Root"
4,46,24,0,0,16.66,"3","caught","1","Pakistan","Lord's","24 May 2018","Root"
68,187,120,8,0,56.66,"3","lbw","3","Pakistan","Lord's","24 May 2018","Root"
45,117,72,6,0,62.5,"3","caught","2","Pakistan","Leeds","1 Jun 2018","Root"
80,243,156,9,0,51.28,"3","run out","1","India","Birmingham","1 Aug 2018","Root"
14,48,35,1,0,40,"3","caught","3","India","Birmingham","1 Aug 2018","Root"
19,82,53,2,0,35.84,"3","lbw","2","India","Lord's","9 Aug 2018","Root"
16,68,29,2,0,55.17,"3","caught","2","India","Nottingham","18 Aug 2018","Root"
13,71,40,2,0,32.5,"3","caught","4","India","Nottingham","18 Aug 2018","Root"
4,26,14,0,0,28.57,"3","lbw","1","India","Southampton","30 Aug 2018","Root"
48,140,88,6,0,54.54,"4","run out","3","India","Southampton","30 Aug 2018","Root"
0,4,3,0,0,0,"4","lbw","1","India","The Oval","7 Sep 2018","Root"
125,264,190,12,1,65.78,"4","caught","3","India","The Oval","7 Sep 2018","Root"
35,NA,46,5,0,76.08,"4","bowled","1","Sri Lanka","Galle","6 Nov 2018","Root"
3,NA,19,0,0,15.78,"4","caught","3","Sri Lanka","Galle","6 Nov 2018","Root"
14,NA,23,2,0,60.86,"4","bowled","1","Sri Lanka","Pallekele","14 Nov 2018","Root"
124,NA,146,10,2,84.93,"4","lbw","3","Sri Lanka","Pallekele","14 Nov 2018","Root"
46,NA,79,4,0,58.22,"4","caught","1","Sri Lanka","Colombo (SSC)","23 Nov 2018","Root"
7,NA,9,0,0,77.77,"4","caught","3","Sri Lanka","Colombo (SSC)","23 Nov 2018","Root"
4,22,14,1,0,28.57,"4","lbw","2","West Indies","Bridgetown","23 Jan 2019","Root"
22,64,39,3,0,56.41,"4","caught","4","West Indies","Bridgetown","23 Jan 2019","Root"
7,31,17,1,0,41.17,"4","caught","1","West Indies","North Sound","31 Jan 2019","Root"
7,22,13,1,0,53.84,"4","caught","3","West Indies","North Sound","31 Jan 2019","Root"
15,78,54,2,0,27.77,"4","caught","1","West Indies","Gros Islet","9 Feb 2019","Root"
122,317,225,10,0,54.22,"4","caught","3","West Indies","Gros Islet","9 Feb 2019","Root"
2,15,7,0,0,28.57,"4","lbw","1","Ireland","Lord's","24 Jul 2019","Root"
31,93,64,3,0,48.43,"5","caught","3","Ireland","Lord's","24 Jul 2019","Root"
57,192,119,6,0,47.89,"3","caught","2","Australia","Birmingham","1 Aug 2019","Root"
28,97,57,3,0,49.12,"3","caught","4","Australia","Birmingham","1 Aug 2019","Root"
14,37,20,3,0,70,"3","lbw","1","Australia","Lord's","14 Aug 2019","Root"
0,2,1,0,0,0,"3","caught","3","Australia","Lord's","14 Aug 2019","Root"
0,8,2,0,0,0,"3","caught","2","Australia","Leeds","22 Aug 2019","Root"
77,322,205,7,0,37.56,"3","caught","4","Australia","Leeds","22 Aug 2019","Root"
71,255,168,10,0,42.26,"4","lbw","2","Australia","Manchester","4 Sep 2019","Root"
0,2,1,0,0,0,"3","bowled","4","Australia","Manchester","4 Sep 2019","Root"
57,218,141,3,0,40.42,"3","bowled","1","Australia","The Oval","12 Sep 2019","Root"
21,54,26,2,0,80.76,"3","caught","3","Australia","The Oval","12 Sep 2019","Root"
2,30,22,0,0,9.09,"4","caught","1","New Zealand","Mount Maunganui","21 Nov 2019","Root"
11,54,51,2,0,21.56,"5","caught","3","New Zealand","Mount Maunganui","21 Nov 2019","Root"
226,636,441,22,1,51.24,"4","caught","2","New Zealand","Hamilton","29 Nov 2019","Root"
29,84,49,5,0,59.18,"4","caught","2","South Africa","Centurion","26 Dec 2019","Root"
48,166,101,8,0,47.52,"4","caught","4","South Africa","Centurion","26 Dec 2019","Root"
35,62,49,5,0,71.42,"4","caught","1","South Africa","Cape Town","3 Jan 2020","Root"
61,154,98,7,0,62.24,"4","caught","3","South Africa","Cape Town","3 Jan 2020","Root"
27,68,46,4,0,58.69,"4","bowled","1","South Africa","Gqeberha","16 Jan 2020","Root"
59,176,108,6,0,54.62,"4","caught","1","South Africa","Johannesburg","24 Jan 2020","Root"
58,176,96,5,1,60.41,"4","caught","3","South Africa","Johannesburg","24 Jan 2020","Root"
23,80,49,2,0,46.93,"4","caught","1","West Indies","Manchester","16 Jul 2020","Root"
22,58,33,0,0,66.66,"4","run out","3","West Indies","Manchester","16 Jul 2020","Root"
17,92,59,0,0,28.81,"3","run out","1","West Indies","Manchester","24 Jul 2020","Root"
68,77,56,8,1,121.42,"3","not out","3","West Indies","Manchester","24 Jul 2020","Root"
14,93,58,2,0,24.13,"3","caught","2","Pakistan","Manchester","5 Aug 2020","Root"
42,110,84,7,0,50,"3","caught","4","Pakistan","Manchester","5 Aug 2020","Root"
9,49,35,0,0,25.71,"4","not out","2","Pakistan","Southampton","13 Aug 2020","Root"
29,68,51,3,0,56.86,"4","caught","1","Pakistan","Southampton","21 Aug 2020","Root"
228,476,321,18,1,71.02,"4","caught","2","Sri Lanka","Galle","14 Jan 2021","Root"
1,6,3,0,0,33.33,"4","run out","4","Sri Lanka","Galle","14 Jan 2021","Root"
186,495,309,18,0,60.19,"4","run out","2","Sri Lanka","Galle","22 Jan 2021","Root"
11,30,16,1,0,68.75,"4","bowled","4","Sri Lanka","Galle","22 Jan 2021","Root"
218,536,377,19,2,57.82,"4","lbw","1","India","Chennai","5 Feb 2021","Root"
40,70,32,7,0,125,"4","lbw","3","India","Chennai","5 Feb 2021","Root"
6,13,12,0,0,50,"4","caught","2","India","Chennai","13 Feb 2021","Root"
33,133,92,3,0,35.86,"5","caught","4","India","Chennai","13 Feb 2021","Root"
17,63,37,2,0,45.94,"4","lbw","1","India","Ahmedabad","24 Feb 2021","Root"
19,69,45,0,0,42.22,"4","lbw","3","India","Ahmedabad","24 Feb 2021","Root"
5,24,9,1,0,55.55,"4","lbw","1","India","Ahmedabad","4 Mar 2021","Root"
30,79,72,3,0,41.66,"4","lbw","3","India","Ahmedabad","4 Mar 2021","Root"
42,169,113,5,0,37.16,"4","caught","2","New Zealand","Lord's","2 Jun 2021","Root"
40,109,71,5,0,56.33,"4","lbw","4","New Zealand","Lord's","2 Jun 2021","Root"
4,13,7,1,0,57.14,"4","caught","1","New Zealand","Birmingham","10 Jun 2021","Root"
11,102,61,1,0,18.03,"4","caught","3","New Zealand","Birmingham","10 Jun 2021","Root"
64,178,108,11,0,59.25,"4","lbw","1","India","Nottingham","4 Aug 2021","Root"
109,284,172,14,0,63.37,"4","caught","3","India","Nottingham","4 Aug 2021","Root"
180,533,321,18,0,56.07,"4","not out","2","India","Lord's","12 Aug 2021","Root"
33,94,60,5,0,55,"4","caught","4","India","Lord's","12 Aug 2021","Root"
121,242,165,14,0,73.33,"4","bowled","2","India","Leeds","25 Aug 2021","Root"
21,52,25,4,0,84,"4","bowled","2","India","The Oval","2 Sep 2021","Root"
36,123,78,3,0,46.15,"4","bowled","4","India","The Oval","2 Sep 2021","Root"
0,13,9,0,0,0,"4","caught","1","Australia","Brisbane","8 Dec 2021","Root"
89,246,165,10,0,53.93,"4","caught","3","Australia","Brisbane","8 Dec 2021","Root"
62,169,116,7,0,53.44,"4","caught","2","Australia","Adelaide","16 Dec 2021","Root"
24,99,67,1,0,35.82,"4","caught","4","Australia","Adelaide","16 Dec 2021","Root"
50,113,82,4,0,60.97,"4","caught","1","Australia","Melbourne","26 Dec 2021","Root"
28,98,59,4,0,47.45,"4","caught","3","Australia","Melbourne","26 Dec 2021","Root"
0,14,7,0,0,0,"4","caught","2","Australia","Sydney","5 Jan 2022","Root"
24,131,85,3,0,28.23,"4","caught","4","Australia","Sydney","5 Jan 2022","Root"
34,74,46,3,0,73.91,"4","lbw","2","Australia","Hobart","14 Jan 2022","Root"
11,57,31,1,0,35.48,"4","bowled","4","Australia","Hobart","14 Jan 2022","Root"
13,30,14,3,0,92.85,"3","bowled","1","West Indies","North Sound","8 Mar 2022","Root"
109,338,204,6,0,53.43,"3","bowled","3","West Indies","North Sound","8 Mar 2022","Root"
153,491,316,14,0,48.41,"3","lbw","1","West Indies","Bridgetown","16 Mar 2022","Root"
9,17,10,1,0,90,"3","caught","3","West Indies","Bridgetown","16 Mar 2022","Root"
0,14,9,0,0,0,"3","caught","1","West Indies","St George's","24 Mar 2022","Root"
5,25,12,0,0,41.66,"3","caught","3","West Indies","St George's","24 Mar 2022","Root"
11,21,15,2,0,73.33,"4","caught","2","New Zealand","Lord's","2 Jun 2022","Root"
115,328,170,12,0,67.64,"4","not out","4","New Zealand","Lord's","2 Jun 2022","Root"
176,353,211,26,1,83.41,"4","caught","2","New Zealand","Nottingham","10 Jun 2022","Root"
3,5,4,0,0,75,"4","caught","4","New Zealand","Nottingham","10 Jun 2022","Root"
5,16,9,1,0,55.55,"4","caught","2","New Zealand","Leeds","23 Jun 2022","Root"
86,186,125,11,1,68.8,"4","not out","4","New Zealand","Leeds","23 Jun 2022","Root"
31,92,67,4,0,46.26,"4","caught","2","India","Birmingham","1 Jul 2022","Root"
142,240,173,19,1,82.08,"4","not out","4","India","Birmingham","1 Jul 2022","Root"
8,26,17,1,0,47.05,"4","lbw","1","South Africa","Lord's","17 Aug 2022","Root"
6,26,10,0,0,60,"4","caught","3","South Africa","Lord's","17 Aug 2022","Root"
9,17,15,1,0,60,"4","caught","2","South Africa","Manchester","25 Aug 2022","Root"
23,36,25,3,0,92,"4","caught","2","South Africa","The Oval","8 Sep 2022","Root"
23,42,31,3,0,74.19,"4","lbw","1","Pakistan","Rawalpindi","1 Dec 2022","Root"
73,102,69,6,0,105.79,"4","caught","3","Pakistan","Rawalpindi","1 Dec 2022","Root"
8,23,11,0,0,72.72,"4","lbw","1","Pakistan","Multan","9 Dec 2022","Root"
21,60,35,2,0,60,"4","caught","3","Pakistan","Multan","9 Dec 2022","Root"
0,4,1,0,0,0,"4","caught","2","Pakistan","Karachi","17 Dec 2022","Root"
14,42,22,2,0,63.63,"4","caught","1","New Zealand","Mount Maunganui","16 Feb 2023","Root"
57,110,62,5,1,91.93,"5","caught","3","New Zealand","Mount Maunganui","16 Feb 2023","Root"
153,376,224,10,3,68.3,"4","not out","1","New Zealand","Wellington","24 Feb 2023","Root"
18,33,40,4,0,45,"7","lbw","2","England","Brisbane","30 Nov 1928","Bradman"
1,5,5,0,0,20,"6","caught","4","England","Brisbane","30 Nov 1928","Bradman"
79,194,220,9,0,35.9,"6","bowled","1","England","Melbourne","29 Dec 1928","Bradman"
112,246,281,7,0,39.85,"6","caught","3","England","Melbourne","29 Dec 1928","Bradman"
40,80,99,2,0,40.4,"6","caught","2","England","Adelaide","1 Feb 1929","Bradman"
58,138,126,4,0,46.03,"6","run out","4","England","Adelaide","1 Feb 1929","Bradman"
123,217,247,8,0,49.79,"5","caught","2","England","Melbourne","8 Mar 1929","Bradman"
37,72,89,3,0,41.57,"7","not out","4","England","Melbourne","8 Mar 1929","Bradman"
8,18,22,0,0,36.36,"4","bowled","2","England","Nottingham","13 Jun 1930","Bradman"
131,258,287,10,0,45.64,"3","bowled","4","England","Nottingham","13 Jun 1930","Bradman"
254,341,376,25,0,67.55,"3","caught","2","England","Lord's","27 Jun 1930","Bradman"
1,2,3,0,0,33.33,"3","caught","4","England","Lord's","27 Jun 1930","Bradman"
334,383,448,46,0,74.55,"3","caught","1","England","Leeds","11 Jul 1930","Bradman"
14,30,27,1,0,51.85,"3","caught","1","England","Manchester","25 Jul 1930","Bradman"
232,438,417,16,0,55.63,"3","caught","2","England","The Oval","16 Aug 1930","Bradman"
4,15,NA,0,0,NA,"3","caught","2","West Indies","Adelaide","12 Dec 1930","Bradman"
25,40,NA,3,0,NA,"3","caught","1","West Indies","Sydney","1 Jan 1931","Bradman"
223,297,NA,24,0,NA,"3","caught","1","West Indies","Brisbane","16 Jan 1931","Bradman"
152,154,NA,13,0,NA,"3","caught","2","West Indies","Melbourne","13 Feb 1931","Bradman"
43,51,NA,3,0,NA,"3","caught","2","West Indies","Sydney","27 Feb 1931","Bradman"
0,11,NA,0,0,NA,"3","bowled","4","West Indies","Sydney","27 Feb 1931","Bradman"
226,277,NA,22,0,NA,"3","lbw","1","South Africa","Brisbane","27 Nov 1931","Bradman"
112,155,NA,10,0,NA,"4","caught","2","South Africa","Sydney","18 Dec 1931","Bradman"
2,14,NA,0,0,NA,"3","caught","1","South Africa","Melbourne","31 Dec 1931","Bradman"
167,183,NA,18,0,NA,"3","lbw","3","South Africa","Melbourne","31 Dec 1931","Bradman"
299,396,NA,23,0,NA,"3","not out","2","South Africa","Adelaide","29 Jan 1932","Bradman"
0,1,1,0,0,0,"4","bowled","1","England","Melbourne","30 Dec 1932","Bradman"
103,185,146,7,0,70.54,"4","not out","3","England","Melbourne","30 Dec 1932","Bradman"
8,18,17,1,0,47.05,"3","caught","2","England","Adelaide","13 Jan 1933","Bradman"
66,73,71,10,1,92.95,"4","caught","4","England","Adelaide","13 Jan 1933","Bradman"
76,156,138,11,0,55.07,"3","bowled","1","England","Brisbane","10 Feb 1933","Bradman"
24,32,31,3,0,77.41,"3","caught","3","England","Brisbane","10 Feb 1933","Bradman"
48,71,56,7,0,85.71,"3","bowled","1","England","Sydney","23 Feb 1933","Bradman"
71,97,69,9,0,102.89,"3","bowled","3","England","Sydney","23 Feb 1933","Bradman"
29,29,32,6,0,90.62,"4","caught","1","England","Nottingham","8 Jun 1934","Bradman"
25,47,39,NA,0,64.1,"4","caught","3","England","Nottingham","8 Jun 1934","Bradman"
36,46,37,7,0,97.29,"3","caught","2","England","Lord's","22 Jun 1934","Bradman"
13,28,27,NA,0,48.14,"4","caught","3","England","Lord's","22 Jun 1934","Bradman"
30,66,52,3,0,57.69,"6","caught","2","England","Manchester","6 Jul 1934","Bradman"
304,430,473,43,2,64.27,"5","bowled","2","England","Leeds","20 Jul 1934","Bradman"
244,316,271,32,1,90.03,"3","caught","1","England","The Oval","18 Aug 1934","Bradman"
77,116,106,6,1,72.64,"3","bowled","3","England","The Oval","18 Aug 1934","Bradman"
38,71,57,5,0,66.66,"3","caught","2","England","Brisbane","4 Dec 1936","Bradman"
0,1,2,0,0,0,"5","caught","4","England","Brisbane","4 Dec 1936","Bradman"
0,1,1,0,0,0,"3","caught","2","England","Sydney","18 Dec 1936","Bradman"
82,171,140,6,0,58.57,"3","bowled","3","England","Sydney","18 Dec 1936","Bradman"
13,28,21,0,0,61.9,"3","caught","1","England","Melbourne","1 Jan 1937","Bradman"
270,458,375,22,0,72,"7","caught","3","England","Melbourne","1 Jan 1937","Bradman"
26,68,55,0,0,47.27,"4","bowled","1","England","Adelaide","29 Jan 1937","Bradman"
212,437,395,14,0,53.67,"3","caught","3","England","Adelaide","29 Jan 1937","Bradman"
169,223,191,15,0,88.48,"3","bowled","1","England","Melbourne","26 Feb 1937","Bradman"
51,89,96,5,0,53.12,"3","caught","2","England","Nottingham","10 Jun 1938","Bradman"
144,365,379,5,0,37.99,"3","not out","3","England","Nottingham","10 Jun 1938","Bradman"
18,26,26,2,0,69.23,"3","bowled","2","England","Lord's","24 Jun 1938","Bradman"
102,147,135,15,0,75.55,"3","not out","4","England","Lord's","24 Jun 1938","Bradman"
103,178,184,9,0,55.97,"4","bowled","2","England","Leeds","22 Jul 1938","Bradman"
16,35,31,1,0,51.61,"3","caught","4","England","Leeds","22 Jul 1938","Bradman"
187,316,313,19,0,59.74,"3","bowled","1","England","Brisbane","29 Nov 1946","Bradman"
234,397,396,24,0,59.09,"6","lbw","2","England","Sydney","13 Dec 1946","Bradman"
79,169,162,2,0,48.76,"3","bowled","1","England","Melbourne","1 Jan 1947","Bradman"
49,99,95,4,0,51.57,"3","caught","3","England","Melbourne","1 Jan 1947","Bradman"
0,10,9,0,0,0,"3","bowled","2","England","Adelaide","31 Jan 1947","Bradman"
56,91,102,4,0,54.9,"3","not out","4","England","Adelaide","31 Jan 1947","Bradman"
12,27,23,0,0,52.17,"3","bowled","2","England","Sydney","28 Feb 1947","Bradman"
63,117,117,7,0,53.84,"3","caught","4","England","Sydney","28 Feb 1947","Bradman"
185,288,336,20,0,55.05,"3","hit wicket","1","India","Brisbane","28 Nov 1947","Bradman"
13,40,38,1,0,34.21,"3","bowled","2","India","Sydney","12 Dec 1947","Bradman"
132,199,204,8,0,64.7,"3","lbw","1","India","Melbourne","1 Jan 1948","Bradman"
127,178,169,13,0,75.14,"6","not out","3","India","Melbourne","1 Jan 1948","Bradman"
201,272,296,21,1,67.9,"3","bowled","1","India","Adelaide","23 Jan 1948","Bradman"
57,83,97,4,0,58.76,"3","retired notout","1","India","Melbourne","6 Feb 1948","Bradman"
138,290,323,10,0,42.72,"3","caught","2","England","Nottingham","10 Jun 1948","Bradman"
0,12,10,0,0,0,"3","caught","4","England","Nottingham","10 Jun 1948","Bradman"
38,115,104,NA,0,36.53,"3","caught","1","England","Lord's","24 Jun 1948","Bradman"
89,185,162,13,0,54.93,"3","caught","3","England","Lord's","24 Jun 1948","Bradman"
7,9,7,1,0,100,"3","lbw","2","England","Manchester","8 Jul 1948","Bradman"
30,122,146,6,0,20.54,"3","not out","4","England","Manchester","8 Jul 1948","Bradman"
33,59,56,NA,0,58.92,"3","bowled","2","England","Leeds","22 Jul 1948","Bradman"
173,255,292,29,0,59.24,"3","not out","4","England","Leeds","22 Jul 1948","Bradman"
0,1,2,0,0,0,"3","bowled","2","England","The Oval","14 Aug 1948","Bradman"
15,28,24,2,0,62.5,"6","bowled","2","Pakistan","Karachi","15 Nov 1989","Tendulkar"
59,254,172,4,0,34.3,"6","lbw","1","Pakistan","Faisalabad","23 Nov 1989","Tendulkar"
8,24,16,1,0,50,"6","run out","3","Pakistan","Faisalabad","23 Nov 1989","Tendulkar"
41,124,90,5,0,45.55,"7","bowled","1","Pakistan","Lahore","1 Dec 1989","Tendulkar"
35,74,51,5,0,68.62,"6","lbw","1","Pakistan","Sialkot","9 Dec 1989","Tendulkar"
57,193,134,6,0,42.53,"6","caught","3","Pakistan","Sialkot","9 Dec 1989","Tendulkar"
0,1,1,0,0,0,"6","caught","2","New Zealand","Christchurch","2 Feb 1990","Tendulkar"
24,50,44,3,0,54.54,"6","caught","3","New Zealand","Christchurch","2 Feb 1990","Tendulkar"
88,324,266,5,0,33.08,"6","caught","1","New Zealand","Napier","9 Feb 1990","Tendulkar"
5,15,13,1,0,38.46,"6","caught","2","New Zealand","Auckland","22 Feb 1990","Tendulkar"
10,30,19,1,0,52.63,"6","bowled","2","England","Lord's","26 Jul 1990","Tendulkar"
27,93,65,4,0,41.53,"6","caught","4","England","Lord's","26 Jul 1990","Tendulkar"
68,216,136,8,0,50,"6","caught","2","England","Manchester","9 Aug 1990","Tendulkar"
119,225,189,17,0,62.96,"6","not out","4","England","Manchester","9 Aug 1990","Tendulkar"
21,39,30,3,0,70,"7","caught","1","England","The Oval","23 Aug 1990","Tendulkar"
11,92,NA,NA,0,NA,"6","lbw","1","Sri Lanka","Chandigarh","23 Nov 1990","Tendulkar"
16,47,42,3,0,38.09,"6","bowled","1","Australia","Brisbane","29 Nov 1991","Tendulkar"
7,36,25,1,0,28,"6","caught","3","Australia","Brisbane","29 Nov 1991","Tendulkar"
15,33,23,0,0,65.21,"7","caught","1","Australia","Melbourne","26 Dec 1991","Tendulkar"
40,122,107,5,0,37.38,"7","caught","3","Australia","Melbourne","26 Dec 1991","Tendulkar"
148,298,213,14,0,69.48,"6","not out","2","Australia","Sydney","2 Jan 1992","Tendulkar"
6,20,8,1,0,75,"6","lbw","2","Australia","Adelaide","25 Jan 1992","Tendulkar"
17,36,29,2,0,58.62,"4","lbw","4","Australia","Adelaide","25 Jan 1992","Tendulkar"
114,228,161,16,0,70.8,"4","caught","2","Australia","Perth","1 Feb 1992","Tendulkar"
5,12,9,1,0,55.55,"4","caught","4","Australia","Perth","1 Feb 1992","Tendulkar"
0,4,3,0,0,0,"4","caught","2","Zimbabwe","Harare","18 Oct 1992","Tendulkar"
11,35,24,1,0,45.83,"4","run out","2","South Africa","Durban","13 Nov 1992","Tendulkar"
111,373,270,19,0,41.11,"4","caught","2","South Africa","Johannesburg","26 Nov 1992","Tendulkar"
1,6,5,0,0,20,"4","lbw","4","South Africa","Johannesburg","26 Nov 1992","Tendulkar"
6,27,17,1,0,35.29,"4","caught","1","South Africa","Gqeberha","26 Dec 1992","Tendulkar"
0,1,1,0,0,0,"4","caught","3","South Africa","Gqeberha","26 Dec 1992","Tendulkar"
73,272,208,8,1,35.09,"5","caught","2","South Africa","Cape Town","2 Jan 1993","Tendulkar"
50,158,118,6,0,42.37,"4","caught","1","England","Eden Gardens","29 Jan 1993","Tendulkar"
9,17,19,2,0,47.36,"4","not out","4","England","Eden Gardens","29 Jan 1993","Tendulkar"
165,361,296,24,1,55.74,"4","caught","1","England","Chennai","11 Feb 1993","Tendulkar"
78,285,213,10,0,36.61,"4","lbw","2","England","Wankhede","19 Feb 1993","Tendulkar"
62,128,114,7,0,54.38,"4","caught","1","Zimbabwe","Delhi","13 Mar 1993","Tendulkar"
28,74,52,5,0,53.84,"4","caught","1","Sri Lanka","Colombo (SSC)","27 Jul 1993","Tendulkar"
104,217,161,11,1,64.59,"4","not out","3","Sri Lanka","Colombo (SSC)","27 Jul 1993","Tendulkar"
71,202,152,10,0,46.71,"4","caught","2","Sri Lanka","Colombo (PSS)","4 Aug 1993","Tendulkar"
142,260,224,22,0,63.39,"4","caught","1","Sri Lanka","Lucknow","18 Jan 1994","Tendulkar"
96,180,140,15,0,68.57,"4","bowled","1","Sri Lanka","Bengaluru","26 Jan 1994","Tendulkar"
6,25,14,1,0,42.85,"4","bowled","2","Sri Lanka","Ahmedabad","8 Feb 1994","Tendulkar"
43,55,47,7,0,91.48,"4","caught","2","New Zealand","Hamilton","19 Mar 1994","Tendulkar"
11,57,42,0,0,26.19,"4","not out","4","New Zealand","Hamilton","19 Mar 1994","Tendulkar"
34,70,43,7,0,79.06,"4","lbw","1","West Indies","Wankhede","18 Nov 1994","Tendulkar"
85,178,130,10,1,65.38,"5","caught","3","West Indies","Wankhede","18 Nov 1994","Tendulkar"
179,414,322,24,1,55.59,"4","caught","1","West Indies","Nagpur","1 Dec 1994","Tendulkar"
54,180,138,3,0,39.13,"4","caught","3","West Indies","Nagpur","1 Dec 1994","Tendulkar"
40,72,55,9,0,72.72,"4","caught","2","West Indies","Mohali","10 Dec 1994","Tendulkar"
10,38,24,2,0,41.66,"4","caught","4","West Indies","Mohali","10 Dec 1994","Tendulkar"
4,7,4,1,0,100,"4","caught","2","New Zealand","Bengaluru","18 Oct 1995","Tendulkar"
0,3,0,0,0,NA,"4","not out","4","New Zealand","Bengaluru","18 Oct 1995","Tendulkar"
52,98,88,5,0,59.09,"4","not out","1","New Zealand","Chennai","25 Oct 1995","Tendulkar"
2,8,8,0,0,25,"4","bowled","1","New Zealand","Cuttack","8 Nov 1995","Tendulkar"
24,71,41,4,0,58.53,"4","bowled","1","England","Birmingham","6 Jun 1996","Tendulkar"
122,263,177,19,1,68.92,"4","caught","3","England","Birmingham","6 Jun 1996","Tendulkar"
31,81,59,5,0,52.54,"4","bowled","2","England","Lord's","20 Jun 1996","Tendulkar"
177,462,360,26,0,49.16,"4","caught","1","England","Nottingham","4 Jul 1996","Tendulkar"
74,111,97,11,1,76.28,"4","caught","3","England","Nottingham","4 Jul 1996","Tendulkar"
10,12,11,2,0,90.9,"4","caught","2","Australia","Delhi","10 Oct 1996","Tendulkar"
0,6,7,0,0,0,"4","bowled","4","Australia","Delhi","10 Oct 1996","Tendulkar"
42,80,64,7,0,65.62,"4","caught","1","South Africa","Ahmedabad","20 Nov 1996","Tendulkar"
7,43,33,1,0,21.21,"4","caught","3","South Africa","Ahmedabad","20 Nov 1996","Tendulkar"
18,91,62,3,0,29.03,"4","bowled","2","South Africa","Eden Gardens","27 Nov 1996","Tendulkar"
2,28,25,0,0,8,"4","caught","4","South Africa","Eden Gardens","27 Nov 1996","Tendulkar"
61,211,173,4,1,35.26,"4","caught","1","South Africa","Kanpur","8 Dec 1996","Tendulkar"
36,129,98,4,0,36.73,"5","caught","3","South Africa","Kanpur","8 Dec 1996","Tendulkar"
15,58,45,2,0,33.33,"4","bowled","2","South Africa","Durban","26 Dec 1996","Tendulkar"
4,32,25,1,0,16,"4","caught","4","South Africa","Durban","26 Dec 1996","Tendulkar"
169,329,254,26,0,66.53,"5","caught","2","South Africa","Cape Town","2 Jan 1997","Tendulkar"
9,38,28,1,0,32.14,"5","caught","4","South Africa","Cape Town","2 Jan 1997","Tendulkar"
35,72,55,7,0,63.63,"4","caught","1","South Africa","Johannesburg","16 Jan 1997","Tendulkar"
9,13,11,2,0,81.81,"4","caught","3","South Africa","Johannesburg","16 Jan 1997","Tendulkar"
7,40,30,1,0,23.33,"4","bowled","2","West Indies","Kingston","6 Mar 1997","Tendulkar"
15,43,36,1,0,41.66,"4","not out","4","West Indies","Kingston","6 Mar 1997","Tendulkar"
88,306,233,9,0,37.76,"4","run out","2","West Indies","Port of Spain","14 Mar 1997","Tendulkar"
92,222,147,14,1,62.58,"4","caught","2","West Indies","Bridgetown","27 Mar 1997","Tendulkar"
4,25,14,0,0,28.57,"4","caught","4","West Indies","Bridgetown","27 Mar 1997","Tendulkar"
83,287,231,9,0,35.93,"4","caught","1","West Indies","Georgetown","17 Apr 1997","Tendulkar"
143,292,247,20,0,57.89,"4","caught","1","Sri Lanka","Colombo (RPS)","2 Aug 1997","Tendulkar"
139,397,266,16,0,52.25,"4","caught","2","Sri Lanka","Colombo (SSC)","9 Aug 1997","Tendulkar"
8,43,44,1,0,18.18,"4","caught","4","Sri Lanka","Colombo (SSC)","9 Aug 1997","Tendulkar"
23,129,93,2,0,24.73,"4","caught","2","Sri Lanka","Mohali","19 Nov 1997","Tendulkar"
15,38,20,1,1,75,"4","bowled","1","Sri Lanka","Nagpur","26 Nov 1997","Tendulkar"
148,320,244,20,3,60.65,"5","bowled","1","Sri Lanka","Wankhede","3 Dec 1997","Tendulkar"
13,28,16,1,0,81.25,"4","caught","3","Sri Lanka","Wankhede","3 Dec 1997","Tendulkar"
4,7,5,1,0,80,"4","caught","1","Australia","Chennai","6 Mar 1998","Tendulkar"
155,286,191,14,4,81.15,"4","not out","3","Australia","Chennai","6 Mar 1998","Tendulkar"
79,109,86,12,2,91.86,"4","caught","2","Australia","Eden Gardens","18 Mar 1998","Tendulkar"
177,298,207,29,3,85.5,"4","bowled","1","Australia","Bengaluru","25 Mar 1998","Tendulkar"
31,75,64,4,0,48.43,"4","caught","3","Australia","Bengaluru","25 Mar 1998","Tendulkar"
34,103,68,3,0,50,"5","caught","2","Zimbabwe","Harare","7 Oct 1998","Tendulkar"
7,27,14,0,0,50,"4","caught","4","Zimbabwe","Harare","7 Oct 1998","Tendulkar"
47,95,72,7,0,65.27,"5","caught","1","New Zealand","Wellington","26 Dec 1998","Tendulkar"
113,200,151,13,2,74.83,"5","caught","3","New Zealand","Wellington","26 Dec 1998","Tendulkar"
67,118,93,9,1,72.04,"4","lbw","2","New Zealand","Hamilton","2 Jan 1999","Tendulkar"
0,5,3,0,0,0,"4","caught","2","Pakistan","Chennai","28 Jan 1999","Tendulkar"
136,405,273,18,0,49.81,"4","caught","4","Pakistan","Chennai","28 Jan 1999","Tendulkar"
6,13,11,1,0,54.54,"4","lbw","1","Pakistan","Delhi","4 Feb 1999","Tendulkar"
29,99,65,4,0,44.61,"4","caught","3","Pakistan","Delhi","4 Feb 1999","Tendulkar"
0,2,1,0,0,0,"5","bowled","2","Pakistan","Eden Gardens","16 Feb 1999","Tendulkar"
9,18,13,1,0,69.23,"4","run out","4","Pakistan","Eden Gardens","16 Feb 1999","Tendulkar"
53,94,54,10,0,98.14,"4","caught","1","Sri Lanka","Colombo (SSC)","24 Feb 1999","Tendulkar"
124,308,235,10,1,52.76,"4","not out","3","Sri Lanka","Colombo (SSC)","24 Feb 1999","Tendulkar"
18,61,34,3,0,52.94,"4","bowled","1","New Zealand","Mohali","10 Oct 1999","Tendulkar"
126,397,248,14,0,50.8,"4","not out","3","New Zealand","Mohali","10 Oct 1999","Tendulkar"
15,76,54,3,0,27.77,"4","caught","2","New Zealand","Kanpur","22 Oct 1999","Tendulkar"
44,58,39,8,0,112.82,"4","not out","4","New Zealand","Kanpur","22 Oct 1999","Tendulkar"
217,494,344,29,0,63.08,"4","caught","1","New Zealand","Ahmedabad","29 Oct 1999","Tendulkar"
15,16,10,3,0,150,"2","bowled","3","New Zealand","Ahmedabad","29 Oct 1999","Tendulkar"
61,181,133,8,0,45.86,"5","caught","2","Australia","Adelaide","10 Dec 1999","Tendulkar"
0,6,5,0,0,0,"5","lbw","4","Australia","Adelaide","10 Dec 1999","Tendulkar"
116,283,191,9,1,60.73,"4","caught","2","Australia","Melbourne","26 Dec 1999","Tendulkar"
52,162,122,4,0,42.62,"4","lbw","4","Australia","Melbourne","26 Dec 1999","Tendulkar"
45,82,53,8,0,84.9,"4","lbw","1","Australia","Sydney","2 Jan 2000","Tendulkar"
4,6,4,1,0,100,"4","caught","3","Australia","Sydney","2 Jan 2000","Tendulkar"
97,208,163,12,2,59.5,"4","caught","1","South Africa","Wankhede","24 Feb 2000","Tendulkar"
8,20,11,2,0,72.72,"4","lbw","3","South Africa","Wankhede","24 Feb 2000","Tendulkar"
21,120,76,3,0,27.63,"4","caught","1","South Africa","Bengaluru","2 Mar 2000","Tendulkar"
20,76,53,2,0,37.73,"4","caught","3","South Africa","Bengaluru","2 Mar 2000","Tendulkar"
18,63,41,1,0,43.9,"5","caught","2","Bangladesh","Dhaka","10 Nov 2000","Tendulkar"
122,283,233,19,0,52.36,"4","caught","2","Zimbabwe","Delhi","18 Nov 2000","Tendulkar"
39,45,39,8,0,100,"4","caught","4","Zimbabwe","Delhi","18 Nov 2000","Tendulkar"
201,392,281,27,0,71.53,"4","not out","1","Zimbabwe","Nagpur","25 Nov 2000","Tendulkar"
76,138,114,13,0,66.66,"4","caught","1","Australia","Wankhede","27 Feb 2001","Tendulkar"
65,153,107,11,0,60.74,"5","caught","3","Australia","Wankhede","27 Feb 2001","Tendulkar"
10,25,18,2,0,55.55,"4","lbw","2","Australia","Eden Gardens","11 Mar 2001","Tendulkar"
10,26,23,2,0,43.47,"4","caught","3","Australia","Eden Gardens","11 Mar 2001","Tendulkar"
126,346,230,15,2,54.78,"4","caught","2","Australia","Chennai","18 Mar 2001","Tendulkar"
17,27,17,3,0,100,"4","caught","4","Australia","Chennai","18 Mar 2001","Tendulkar"
74,179,128,12,0,57.81,"4","caught","2","Zimbabwe","Bulawayo","7 Jun 2001","Tendulkar"
36,41,49,4,0,73.46,"4","not out","4","Zimbabwe","Bulawayo","7 Jun 2001","Tendulkar"
20,78,46,2,1,43.47,"4","bowled","1","Zimbabwe","Harare","15 Jun 2001","Tendulkar"
69,185,135,9,0,51.11,"4","caught","3","Zimbabwe","Harare","15 Jun 2001","Tendulkar"
155,233,184,23,1,84.23,"4","caught","1","South Africa","Bloemfontein","3 Nov 2001","Tendulkar"
15,60,35,2,0,42.85,"4","caught","3","South Africa","Bloemfontein","3 Nov 2001","Tendulkar"
1,10,4,0,0,25,"4","caught","2","South Africa","Gqeberha","16 Nov 2001","Tendulkar"
22,54,45,4,0,48.88,"4","not out","4","South Africa","Gqeberha","16 Nov 2001","Tendulkar"
88,229,144,13,0,61.11,"5","caught","2","England","Mohali","3 Dec 2001","Tendulkar"
103,254,197,12,1,52.28,"4","caught","2","England","Ahmedabad","11 Dec 2001","Tendulkar"
26,87,81,4,0,32.09,"4","caught","4","England","Ahmedabad","11 Dec 2001","Tendulkar"
90,263,198,13,0,45.45,"4","stumped","2","England","Bengaluru","19 Dec 2001","Tendulkar"
176,440,316,23,0,55.69,"4","caught","2","Zimbabwe","Nagpur","21 Feb 2002","Tendulkar"
36,124,119,5,0,30.25,"4","lbw","2","Zimbabwe","Delhi","28 Feb 2002","Tendulkar"
42,78,52,7,1,80.76,"5","lbw","4","Zimbabwe","Delhi","28 Feb 2002","Tendulkar"
79,191,136,13,0,58.08,"4","lbw","2","West Indies","Georgetown","11 Apr 2002","Tendulkar"
117,356,260,14,0,45,"4","lbw","1","West Indies","Port of Spain","19 Apr 2002","Tendulkar"
0,16,4,0,0,0,"4","lbw","3","West Indies","Port of Spain","19 Apr 2002","Tendulkar"
0,4,2,0,0,0,"4","caught","1","West Indies","Bridgetown","2 May 2002","Tendulkar"
8,32,17,1,0,47.05,"4","lbw","3","West Indies","Bridgetown","2 May 2002","Tendulkar"
0,2,1,0,0,0,"4","caught","1","West Indies","St John's","10 May 2002","Tendulkar"
41,94,63,7,0,65.07,"4","bowled","2","West Indies","Kingston","18 May 2002","Tendulkar"
86,162,139,13,0,61.87,"4","bowled","4","West Indies","Kingston","18 May 2002","Tendulkar"
16,94,61,2,0,26.22,"5","caught","2","England","Lord's","25 Jul 2002","Tendulkar"
12,51,35,2,0,34.28,"4","bowled","4","England","Lord's","25 Jul 2002","Tendulkar"
34,90,68,6,0,50,"4","bowled","1","England","Nottingham","8 Aug 2002","Tendulkar"
92,160,113,17,0,81.41,"4","bowled","3","England","Nottingham","8 Aug 2002","Tendulkar"
193,434,330,19,3,58.48,"4","lbw","1","England","Leeds","22 Aug 2002","Tendulkar"
54,114,89,10,0,60.67,"4","lbw","2","England","The Oval","5 Sep 2002","Tendulkar"
35,96,88,5,0,39.77,"4","caught","1","West Indies","Wankhede","9 Oct 2002","Tendulkar"
43,156,113,5,0,38.05,"4","bowled","2","West Indies","Chennai","17 Oct 2002","Tendulkar"
16,15,20,0,0,80,"4","not out","4","West Indies","Chennai","17 Oct 2002","Tendulkar"
36,85,65,7,0,55.38,"4","caught","1","West Indies","Eden Gardens","30 Oct 2002","Tendulkar"
176,419,298,26,0,59.06,"4","caught","3","West Indies","Eden Gardens","30 Oct 2002","Tendulkar"
8,47,26,2,0,30.76,"4","lbw","1","New Zealand","Wellington","12 Dec 2002","Tendulkar"
51,120,74,7,0,68.91,"4","bowled","3","New Zealand","Wellington","12 Dec 2002","Tendulkar"
9,40,31,1,0,29.03,"4","caught","1","New Zealand","Hamilton","19 Dec 2002","Tendulkar"
32,55,48,5,0,66.66,"4","bowled","3","New Zealand","Hamilton","19 Dec 2002","Tendulkar"
8,54,38,1,0,21.05,"4","caught","1","New Zealand","Ahmedabad","8 Oct 2003","Tendulkar"
7,19,15,0,0,46.66,"4","caught","3","New Zealand","Ahmedabad","8 Oct 2003","Tendulkar"
55,238,175,6,0,31.42,"4","caught","2","New Zealand","Mohali","16 Oct 2003","Tendulkar"
1,15,10,0,0,10,"4","bowled","3","New Zealand","Mohali","16 Oct 2003","Tendulkar"
0,3,3,0,0,0,"4","lbw","2","Australia","Brisbane","4 Dec 2003","Tendulkar"
1,15,6,0,0,16.66,"4","caught","2","Australia","Adelaide","12 Dec 2003","Tendulkar"
37,79,59,5,0,62.71,"4","lbw","4","Australia","Adelaide","12 Dec 2003","Tendulkar"
0,3,1,0,0,0,"4","caught","1","Australia","Melbourne","26 Dec 2003","Tendulkar"
44,107,79,5,0,55.69,"5","caught","3","Australia","Melbourne","26 Dec 2003","Tendulkar"
241,613,436,33,0,55.27,"4","not out","1","Australia","Sydney","2 Jan 2004","Tendulkar"
60,108,89,5,0,67.41,"4","not out","3","Australia","Sydney","2 Jan 2004","Tendulkar"
194,493,348,21,0,55.74,"4","not out","1","Pakistan","Multan","28 Mar 2004","Tendulkar"
2,10,6,0,0,33.33,"4","lbw","1","Pakistan","Lahore","5 Apr 2004","Tendulkar"
8,17,11,1,0,72.72,"4","lbw","3","Pakistan","Lahore","5 Apr 2004","Tendulkar"
1,6,3,0,0,33.33,"4","caught","2","Pakistan","Rawalpindi","13 Apr 2004","Tendulkar"
8,49,36,0,0,22.22,"4","lbw","2","Australia","Nagpur","26 Oct 2004","Tendulkar"
2,18,14,0,0,14.28,"4","caught","4","Australia","Nagpur","26 Oct 2004","Tendulkar"
5,43,35,0,0,14.28,"4","caught","1","Australia","Wankhede","3 Nov 2004","Tendulkar"
55,120,83,6,1,66.26,"4","caught","3","Australia","Wankhede","3 Nov 2004","Tendulkar"
3,21,18,0,0,16.66,"4","bowled","2","South Africa","Kanpur","20 Nov 2004","Tendulkar"
20,82,54,3,0,37.03,"4","bowled","2","South Africa","Eden Gardens","28 Nov 2004","Tendulkar"
32,73,64,3,1,50,"4","not out","4","South Africa","Eden Gardens","28 Nov 2004","Tendulkar"
248,552,379,35,0,65.43,"4","not out","2","Bangladesh","Dhaka","10 Dec 2004","Tendulkar"
36,79,55,6,0,65.45,"4","lbw","1","Bangladesh","Chattogram","17 Dec 2004","Tendulkar"
94,301,202,11,0,46.53,"4","caught","2","Pakistan","Mohali","8 Mar 2005","Tendulkar"
52,147,102,9,0,50.98,"4","caught","1","Pakistan","Eden Gardens","16 Mar 2005","Tendulkar"
52,117,91,9,0,57.14,"4","caught","3","Pakistan","Eden Gardens","16 Mar 2005","Tendulkar"
41,78,71,7,0,57.74,"4","caught","2","Pakistan","Bengaluru","24 Mar 2005","Tendulkar"
16,140,98,2,0,16.32,"4","caught","4","Pakistan","Bengaluru","24 Mar 2005","Tendulkar"
22,157,126,2,0,17.46,"4","lbw","1","Sri Lanka","Chennai","2 Dec 2005","Tendulkar"
109,310,196,14,1,55.61,"4","lbw","1","Sri Lanka","Delhi","10 Dec 2005","Tendulkar"
16,42,28,3,0,57.14,"4","lbw","3","Sri Lanka","Delhi","10 Dec 2005","Tendulkar"
23,85,66,2,0,34.84,"4","caught","1","Sri Lanka","Ahmedabad","18 Dec 2005","Tendulkar"
19,40,29,3,0,65.51,"4","lbw","3","Sri Lanka","Ahmedabad","18 Dec 2005","Tendulkar"
14,64,33,3,0,42.42,"4","caught","2","Pakistan","Faisalabad","21 Jan 2006","Tendulkar"
23,49,29,5,0,79.31,"4","bowled","2","Pakistan","Karachi","29 Jan 2006","Tendulkar"
26,74,47,5,0,55.31,"4","bowled","4","Pakistan","Karachi","29 Jan 2006","Tendulkar"
16,84,45,2,0,35.55,"4","lbw","2","England","Nagpur","1 Mar 2006","Tendulkar"
28,38,19,5,0,147.36,"6","not out","4","England","Nagpur","1 Mar 2006","Tendulkar"
4,20,15,0,0,26.66,"4","caught","2","England","Mohali","9 Mar 2006","Tendulkar"
1,33,21,0,0,4.76,"4","caught","2","England","Wankhede","18 Mar 2006","Tendulkar"
34,77,57,5,0,59.64,"5","caught","4","England","Wankhede","18 Mar 2006","Tendulkar"
44,113,89,7,0,49.43,"4","caught","1","South Africa","Johannesburg","15 Dec 2006","Tendulkar"
14,43,22,3,0,63.63,"4","bowled","3","South Africa","Johannesburg","15 Dec 2006","Tendulkar"
63,173,115,11,0,54.78,"4","caught","2","South Africa","Durban","26 Dec 2006","Tendulkar"
0,13,7,0,0,0,"4","lbw","4","South Africa","Durban","26 Dec 2006","Tendulkar"
64,187,130,11,0,49.23,"4","caught","1","South Africa","Cape Town","2 Jan 2007","Tendulkar"
14,88,62,1,0,22.58,"5","lbw","3","South Africa","Cape Town","2 Jan 2007","Tendulkar"
101,274,169,9,0,59.76,"4","caught","1","Bangladesh","Chattogram","18 May 2007","Tendulkar"
31,69,50,2,0,62,"4","bowled","3","Bangladesh","Chattogram","18 May 2007","Tendulkar"
122,354,226,8,1,53.98,"4","not out","1","Bangladesh","Mirpur","25 May 2007","Tendulkar"
37,104,78,6,0,47.43,"4","lbw","2","England","Lord's","19 Jul 2007","Tendulkar"
16,42,35,3,0,45.71,"4","lbw","4","England","Lord's","19 Jul 2007","Tendulkar"
91,259,197,12,0,46.19,"4","lbw","2","England","Nottingham","27 Jul 2007","Tendulkar"
1,17,15,0,0,6.66,"4","caught","4","England","Nottingham","27 Jul 2007","Tendulkar"
82,298,192,11,0,42.7,"4","caught","1","England","The Oval","9 Aug 2007","Tendulkar"
1,13,11,0,0,9.09,"4","bowled","3","England","The Oval","9 Aug 2007","Tendulkar"
1,2,1,0,0,100,"4","run out","2","Pakistan","Delhi","22 Nov 2007","Tendulkar"
56,178,110,9,0,50.9,"4","not out","4","Pakistan","Delhi","22 Nov 2007","Tendulkar"
82,146,109,12,0,75.22,"4","bowled","1","Pakistan","Eden Gardens","30 Nov 2007","Tendulkar"
62,113,77,7,1,80.51,"4","bowled","2","Australia","Melbourne","26 Dec 2007","Tendulkar"
15,31,21,1,0,71.42,"4","caught","4","Australia","Melbourne","26 Dec 2007","Tendulkar"
154,429,243,14,1,63.37,"4","not out","2","Australia","Sydney","2 Jan 2008","Tendulkar"
12,33,16,3,0,75,"4","bowled","4","Australia","Sydney","2 Jan 2008","Tendulkar"
71,175,128,9,0,55.46,"4","lbw","1","Australia","Perth","16 Jan 2008","Tendulkar"
13,33,25,2,0,52,"5","lbw","3","Australia","Perth","16 Jan 2008","Tendulkar"
153,342,205,13,3,74.63,"4","caught","1","Australia","Adelaide","24 Jan 2008","Tendulkar"
13,67,36,1,0,36.11,"4","run out","3","Australia","Adelaide","24 Jan 2008","Tendulkar"
0,9,5,0,0,0,"4","caught","2","South Africa","Chennai","26 Mar 2008","Tendulkar"
27,60,46,3,0,58.69,"4","bowled","2","Sri Lanka","Colombo (SSC)","23 Jul 2008","Tendulkar"
12,42,30,1,0,40,"4","caught","3","Sri Lanka","Colombo (SSC)","23 Jul 2008","Tendulkar"
5,5,3,1,0,166.66,"4","lbw","1","Sri Lanka","Galle","31 Jul 2008","Tendulkar"
31,54,42,5,0,73.8,"4","caught","3","Sri Lanka","Galle","31 Jul 2008","Tendulkar"
6,18,12,0,0,50,"4","lbw","1","Sri Lanka","Colombo (PSS)","8 Aug 2008","Tendulkar"
14,26,22,1,0,63.63,"6","lbw","3","Sri Lanka","Colombo (PSS)","8 Aug 2008","Tendulkar"
13,26,18,3,0,72.22,"4","caught","2","Australia","Bengaluru","9 Oct 2008","Tendulkar"
49,177,126,4,0,38.88,"4","caught","4","Australia","Bengaluru","9 Oct 2008","Tendulkar"
88,186,111,10,0,79.27,"4","caught","1","Australia","Mohali","17 Oct 2008","Tendulkar"
10,16,12,1,0,83.33,"5","not out","3","Australia","Mohali","17 Oct 2008","Tendulkar"
68,188,126,11,0,53.96,"4","caught","1","Australia","Delhi","29 Oct 2008","Tendulkar"
47,159,120,4,0,39.16,"5","caught","3","Australia","Delhi","29 Oct 2008","Tendulkar"
109,274,188,12,0,57.97,"4","lbw","1","Australia","Nagpur","6 Nov 2008","Tendulkar"
12,90,55,1,0,21.81,"4","run out","3","Australia","Nagpur","6 Nov 2008","Tendulkar"
37,90,48,4,1,77.08,"4","caught","2","England","Chennai","11 Dec 2008","Tendulkar"
103,317,196,9,0,52.55,"4","not out","4","England","Chennai","11 Dec 2008","Tendulkar"
11,45,26,1,0,42.3,"4","lbw","1","England","Mohali","19 Dec 2008","Tendulkar"
5,41,22,1,0,22.72,"4","caught","3","England","Mohali","19 Dec 2008","Tendulkar"
160,397,260,26,0,61.53,"4","caught","2","New Zealand","Hamilton","18 Mar 2009","Tendulkar"
49,98,65,7,1,75.38,"5","caught","2","New Zealand","Napier","26 Mar 2009","Tendulkar"
64,167,131,9,1,48.85,"4","caught","3","New Zealand","Napier","26 Mar 2009","Tendulkar"
62,108,85,11,0,72.94,"4","caught","1","New Zealand","Wellington","3 Apr 2009","Tendulkar"
9,25,20,0,1,45,"4","caught","3","New Zealand","Wellington","3 Apr 2009","Tendulkar"
4,3,3,1,0,133.33,"4","bowled","1","Sri Lanka","Ahmedabad","16 Nov 2009","Tendulkar"
100,298,211,11,0,47.39,"5","not out","3","Sri Lanka","Ahmedabad","16 Nov 2009","Tendulkar"
40,122,91,0,1,43.95,"4","caught","1","Sri Lanka","Kanpur","24 Nov 2009","Tendulkar"
53,139,103,6,0,51.45,"4","bowled","2","Sri Lanka","Brabourne","2 Dec 2009","Tendulkar"
105,246,166,11,2,63.25,"4","not out","1","Bangladesh","Chattogram","17 Jan 2010","Tendulkar"
16,47,26,2,0,61.53,"5","lbw","3","Bangladesh","Chattogram","17 Jan 2010","Tendulkar"
143,259,182,13,1,78.57,"4","caught","2","Bangladesh","Mirpur","24 Jan 2010","Tendulkar"
7,25,16,1,0,43.75,"4","caught","2","South Africa","Nagpur","6 Feb 2010","Tendulkar"
100,275,179,13,0,55.86,"4","bowled","3","South Africa","Nagpur","6 Feb 2010","Tendulkar"
106,266,206,12,0,51.45,"4","caught","2","South Africa","Eden Gardens","14 Feb 2010","Tendulkar"
8,29,21,1,0,38.09,"4","lbw","2","Sri Lanka","Galle","18 Jul 2010","Tendulkar"
84,168,142,11,1,59.15,"4","lbw","3","Sri Lanka","Galle","18 Jul 2010","Tendulkar"
203,516,347,23,1,58.5,"4","caught","2","Sri Lanka","Colombo (SSC)","26 Jul 2010","Tendulkar"
41,88,72,5,0,56.94,"4","caught","2","Sri Lanka","Colombo (PSS)","3 Aug 2010","Tendulkar"
54,186,122,3,0,44.26,"4","caught","4","Sri Lanka","Colombo (PSS)","3 Aug 2010","Tendulkar"
98,251,189,13,0,51.85,"5","lbw","2","Australia","Mohali","1 Oct 2010","Tendulkar"
38,106,64,5,0,59.37,"4","caught","4","Australia","Mohali","1 Oct 2010","Tendulkar"
214,547,363,22,2,58.95,"4","bowled","2","Australia","Bengaluru","9 Oct 2010","Tendulkar"
53,125,77,5,2,68.83,"4","not out","4","Australia","Bengaluru","9 Oct 2010","Tendulkar"
40,168,133,5,0,30.07,"4","caught","1","New Zealand","Ahmedabad","4 Nov 2010","Tendulkar"
12,27,25,2,0,48,"4","bowled","3","New Zealand","Ahmedabad","4 Nov 2010","Tendulkar"
13,52,28,1,0,46.42,"4","caught","2","New Zealand","Hyderabad","12 Nov 2010","Tendulkar"
61,162,129,8,0,47.28,"4","caught","2","New Zealand","Nagpur","20 Nov 2010","Tendulkar"
36,61,34,8,0,105.88,"4","lbw","1","South Africa","Centurion","16 Dec 2010","Tendulkar"
111,327,241,13,1,46.05,"5","not out","3","South Africa","Centurion","16 Dec 2010","Tendulkar"
13,42,22,3,0,59.09,"4","caught","1","South Africa","Durban","26 Dec 2010","Tendulkar"
6,22,10,1,0,60,"4","caught","3","South Africa","Durban","26 Dec 2010","Tendulkar"
146,465,314,17,2,46.49,"4","bowled","2","South Africa","Cape Town","2 Jan 2011","Tendulkar"
14,146,91,0,0,15.38,"4","not out","4","South Africa","Cape Town","2 Jan 2011","Tendulkar"
34,90,58,6,0,58.62,"4","caught","2","England","Lord's","21 Jul 2011","Tendulkar"
12,84,68,1,0,17.64,"5","lbw","4","England","Lord's","21 Jul 2011","Tendulkar"
16,33,34,3,0,47.05,"4","caught","2","England","Nottingham","29 Jul 2011","Tendulkar"
56,136,86,8,0,65.11,"4","lbw","4","England","Nottingham","29 Jul 2011","Tendulkar"
1,10,8,0,0,12.5,"4","caught","1","England","Birmingham","10 Aug 2011","Tendulkar"
40,92,60,8,0,66.66,"4","run out","3","England","Birmingham","10 Aug 2011","Tendulkar"
23,65,34,4,0,67.64,"4","caught","2","England","The Oval","18 Aug 2011","Tendulkar"
91,235,172,11,0,52.9,"4","lbw","3","England","The Oval","18 Aug 2011","Tendulkar"
7,25,18,1,0,38.88,"4","lbw","2","West Indies","Delhi","6 Nov 2011","Tendulkar"
76,200,148,10,0,51.35,"4","lbw","4","West Indies","Delhi","6 Nov 2011","Tendulkar"
38,74,71,5,0,53.52,"4","caught","1","West Indies","Eden Gardens","14 Nov 2011","Tendulkar"
94,219,153,8,2,61.43,"4","caught","2","West Indies","Wankhede","22 Nov 2011","Tendulkar"
3,6,7,0,0,42.85,"4","caught","4","West Indies","Wankhede","22 Nov 2011","Tendulkar"
73,151,98,8,1,74.48,"4","bowled","2","Australia","Melbourne","26 Dec 2011","Tendulkar"
32,73,46,4,0,69.56,"4","caught","4","Australia","Melbourne","26 Dec 2011","Tendulkar"
41,133,89,8,0,46.06,"4","bowled","1","Australia","Sydney","3 Jan 2012","Tendulkar"
80,213,141,9,0,56.73,"4","caught","3","Australia","Sydney","3 Jan 2012","Tendulkar"
15,46,25,3,0,60,"4","lbw","1","Australia","Perth","13 Jan 2012","Tendulkar"
8,22,16,1,0,50,"4","lbw","3","Australia","Perth","13 Jan 2012","Tendulkar"
25,94,69,3,0,36.23,"4","caught","2","Australia","Adelaide","24 Jan 2012","Tendulkar"
13,46,34,2,0,38.23,"4","caught","4","Australia","Adelaide","24 Jan 2012","Tendulkar"
19,86,62,2,0,30.64,"4","bowled","1","New Zealand","Hyderabad","23 Aug 2012","Tendulkar"
17,61,50,3,0,34,"4","bowled","2","New Zealand","Bengaluru","31 Aug 2012","Tendulkar"
27,78,34,5,0,79.41,"4","bowled","4","New Zealand","Bengaluru","31 Aug 2012","Tendulkar"
13,25,18,2,0,72.22,"4","caught","1","England","Ahmedabad","15 Nov 2012","Tendulkar"
8,14,12,1,0,66.66,"4","bowled","1","England","Wankhede","23 Nov 2012","Tendulkar"
8,28,19,2,0,42.1,"4","lbw","3","England","Wankhede","23 Nov 2012","Tendulkar"
76,202,155,13,0,49.03,"4","caught","1","England","Eden Gardens","5 Dec 2012","Tendulkar"
5,17,6,1,0,83.33,"4","caught","3","England","Eden Gardens","5 Dec 2012","Tendulkar"
2,25,13,0,0,15.38,"4","bowled","2","England","Nagpur","13 Dec 2012","Tendulkar"
81,257,159,7,0,50.94,"4","bowled","2","Australia","Chennai","22 Feb 2013","Tendulkar"
13,10,10,0,2,130,"4","not out","4","Australia","Chennai","22 Feb 2013","Tendulkar"
7,32,15,1,0,46.66,"4","caught","2","Australia","Hyderabad","2 Mar 2013","Tendulkar"
37,125,81,5,0,45.67,"4","caught","2","Australia","Mohali","14 Mar 2013","Tendulkar"
21,71,23,2,0,91.3,"4","run out","4","Australia","Mohali","14 Mar 2013","Tendulkar"
32,99,53,5,0,60.37,"4","lbw","2","Australia","Delhi","22 Mar 2013","Tendulkar"
1,8,5,0,0,20,"4","lbw","4","Australia","Delhi","22 Mar 2013","Tendulkar"
10,41,24,2,0,41.66,"4","lbw","2","West Indies","Eden Gardens","6 Nov 2013","Tendulkar"
74,150,118,12,0,62.71,"4","caught","2","West Indies","Wankhede","14 Nov 2013","Tendulkar"
